,category,title,author,sentiment,selftext,subreddit,clicked,url,comments,created_utc,distinguished,edited,id,is_original_content,is_self,link_flair_template_id,link_flair_text,locked,name,num_comments,over_18,permalink,poll_data,score,spoiler,stickied,upvote_ratio
0,top,list of stem programs still open,ivycoveredwall,0.4495,"ive seen a lot of ppl asking ab stem programs they can still apply to so here r some i found ordered by deadline. each has their own eligibility reqs though so make sure to look over that. if anyone knows more feel free to comment :)

&#x200B;

1. [bryn mawr mathily](https://www.mathily.org/) (math) - april 25 \[CLOSED\]
2. [usc bugs jr](https://dornsife.usc.edu/bridge-institute/bugs-jr/) (bio/health research) - april 30 \[CLOSED\]
3. [stanford spinwip](https://physics.stanford.edu/inclusion/spinwip) (physics + coding) - may 1 \[CLOSED\]
4. [stanford ifss](https://chemistry.stanford.edu/outreach/community-outreach/shadow-program-high-school-students) (chemistry) - may 1 \[CLOSED\]
5. [jhu ei](https://ei.jhu.edu/programs/) (engineering + biomed) - may 19 \[CLOSED\]
6. [umich math + science scholars](https://sites.lsa.umich.edu/mmss/) \- rolling \[CLOSED\]
7. [stanford daily tech workshops](https://stanforddaily.com/high-school-programs/) (cs + journalism) - june 2 \[CLOSED\]
8. [bay area cybercamps](https://www.baycyber.net/2023-summer-cybercamps) (cybersecurity) - rolling
9. [the coding school's programs](https://the-cs.org/) (quantum, ai, cs) - rolling, most start in july
10. [asdrp](https://www.asdrp.org/apply) (research) - priority deadline july 15

updates:

1. [atlas fellowship](https://www.atlasfellowship.org/) (future studies + ai) - april 30 \[CLOSED\]
2. [the knowledge society](https://www.tks.world/) (emerging tech like gene editing, blockchain, etc. note this is for fall!) - may 31 \[CLOSED\]
3. [scu:ba @ uchicago](https://www.codeyourdreams.org/scuba) (coding) - may 21st \[CLOSED\]
4. [6x3's the ACT project](https://www.codeyourdreams.org/act) (coding, entrepreneurship) - rolling
5. [ewgis research program](https://www.girlsinstem.org/ewgis) (any stem, similar to talaria) - june 15",summerprogramresults,False,https://www.reddit.com/r/summerprogramresults/comments/12vzi2e/list_of_stem_programs_still_open/,<praw.models.comment_forest.CommentForest object at 0x122954850>,1682233982.0,,1685994705.0,12vzi2e,False,True,0.0,,False,t3_12vzi2e,33.0,False,reddit.com/r/summerprogramresults/comments/12vzi2e/list_of_stem_programs_still_open/,0.0,81.0,False,False,1.0
1,top,i cant believe yall ðŸ˜­,eggyeahyeah,0.1589,"""i got into x program is it good? should i go?"" why tf would you apply in the first place if you weren't sure that you wanna go ðŸ˜­",summerprogramresults,False,https://www.reddit.com/r/summerprogramresults/comments/13c13om/i_cant_believe_yall/,<praw.models.comment_forest.CommentForest object at 0x122b1bbd0>,1683572064.0,,False,13c13om,False,True,0.0,,False,t3_13c13om,16.0,False,reddit.com/r/summerprogramresults/comments/13c13om/i_cant_believe_yall/,0.0,59.0,False,False,1.0
2,top,Any programs still open?,miracle222,0.0,"I already have some plans for the summer, but I was wondering if there were still programs open.",summerprogramresults,False,https://www.reddit.com/r/summerprogramresults/comments/v01bf4/any_programs_still_open/,<praw.models.comment_forest.CommentForest object at 0x122b0c910>,1653789545.0,,False,v01bf4,False,True,0.0,,False,t3_v01bf4,4.0,False,reddit.com/r/summerprogramresults/comments/v01bf4/any_programs_still_open/,0.0,40.0,False,False,0.99
3,top,SUMMER PROGRAM REJECTS UNITE,seul_chalet,0.009649999999999992,"0/5 for me, but honestly, screw them. For anyone else who hasn't been admitted to a single summer program, what are your summer plans? Any recommendations?",summerprogramresults,False,https://www.reddit.com/r/summerprogramresults/comments/12r92v4/summer_program_rejects_unite/,<praw.models.comment_forest.CommentForest object at 0x122aa3890>,1681861425.0,,False,12r92v4,False,True,0.0,,False,t3_12r92v4,65.0,False,reddit.com/r/summerprogramresults/comments/12r92v4/summer_program_rejects_unite/,0.0,40.0,False,False,0.98
4,top,any STEM summer programs still open lol,,0.59095,"i only applied to like 3 summer programs and i just realized how competitive they are... i already got waitlisted at one so im kinda losing hope. also if you don't have any summer programs open, i would appreciate any general summer plans/things i should do (as a rising hs junior)!!",summerprogramresults,False,https://www.reddit.com/r/summerprogramresults/comments/u632mt/any_stem_summer_programs_still_open_lol/,<praw.models.comment_forest.CommentForest object at 0x122ab6310>,1650250643.0,,False,u632mt,False,True,0.0,,False,t3_u632mt,5.0,False,reddit.com/r/summerprogramresults/comments/u632mt/any_stem_summer_programs_still_open_lol/,0.0,36.0,False,False,0.98
